id,description,image_url,image_web,width,height
354207884,Fantasy Elf Archer Character,https://img.freepik.com/free-vector/fantasy-elf-archer-character_1308-174492.jpg,https://img.freepik.com/free-vector/fantasy-elf-archer-character_1308-174492.jpg,,
354892246,Fantasy Elf Archer Character,https://img.freepik.com/free-vector/fantasy-elf-archer-character_1308-174601.jpg,https://img.freepik.com/free-vector/fantasy-elf-archer-character_1308-174601.jpg,,
9899911,Halloween festival kid collection,https://img.freepik.com/free-vector/halloween-festival-kid-collection_23-2148650111.jpg,https://img.freepik.com/free-vector/halloween-festival-kid-collection_23-2148650111.jpg,,
369232210,Fantasy Elf Archer Character,https://img.freepik.com/free-vector/fantasy-elf-archer-character_1308-175483.jpg,https://img.freepik.com/free-vector/fantasy-elf-archer-character_1308-175483.jpg,,
30814091,Group of medieval cartoon characters,https://img.freepik.com/free-vector/group-medieval-cartoon-characters_1308-115790.jpg,https://img.freepik.com/free-vector/group-medieval-cartoon-characters_1308-115790.jpg,,
358685678,Fantasy Elf Archer Character,https://img.freepik.com/free-vector/fantasy-elf-archer-character_1308-174831.jpg,https://img.freepik.com/free-vector/fantasy-elf-archer-character_1308-174831.jpg,,
38011482,Fantasy cartoon characters set,https://img.freepik.com/free-vector/fantasy-cartoon-characters-set_1308-127864.jpg,https://img.freepik.com/free-vector/fantasy-cartoon-characters-set_1308-127864.jpg,,
47817063,Set of fantasy enchanted cartoon characters,https://img.freepik.com/free-vector/set-fantasy-enchanted-cartoon-characters_1308-135416.jpg,https://img.freepik.com/free-vector/set-fantasy-enchanted-cartoon-characters_1308-135416.jpg,,
365240893,Confident Female Warrior Illustration,https://img.freepik.com/free-vector/confident-female-warrior-illustration_1308-175206.jpg,https://img.freepik.com/free-vector/confident-female-warrior-illustration_1308-175206.jpg,,
381354345,Confident Elf Archer,https://img.freepik.com/free-vector/confident-elf-archer_1308-176096.jpg,https://img.freepik.com/free-vector/confident-elf-archer_1308-176096.jpg,,
10172524,"Computer game cartoon characters set. Giant, Viking warrior with shield, orc, magician, elf, gnome, hobbit. Isolated cartoon vector illustration for online game, fantasy and fairytale",https://img.freepik.com/free-vector/computer-game-cartoon-characters-set-giant-viking-warrior-with-shield-orc-magician-elf-gnome-hobbit-isolated-cartoon-vector-illustration-online-game-fantasy-fairytale_74855-8296.jpg,https://img.freepik.com/free-vector/computer-game-cartoon-characters-set-giant-viking-warrior-with-shield-orc-magician-elf-gnome-hobbit-isolated-cartoon-vector-illustration-online-game-fantasy-fairytale_74855-8296.jpg,,
1021474,A medieval couple,https://img.freepik.com/free-vector/medieval-couple_1196-430.jpg,https://img.freepik.com/free-vector/medieval-couple_1196-430.jpg,,
4317320,Set of medieval character,https://img.freepik.com/free-vector/set-medieval-character_1308-25649.jpg,https://img.freepik.com/free-vector/set-medieval-character_1308-25649.jpg,,
1164447,Viking tribes and many dragons,https://img.freepik.com/free-vector/viking-tribes-many-dragons_1308-2427.jpg,https://img.freepik.com/free-vector/viking-tribes-many-dragons_1308-2427.jpg,,
40368121,Set of fantasy enchanted cartoon characters,https://img.freepik.com/free-vector/set-fantasy-enchanted-cartoon-characters_1308-131959.jpg,https://img.freepik.com/free-vector/set-fantasy-enchanted-cartoon-characters_1308-131959.jpg,,
358686198,Confident Elf Archer in Green Outfit,https://img.freepik.com/free-vector/confident-elf-archer-green-outfit_1308-174885.jpg,https://img.freepik.com/free-vector/confident-elf-archer-green-outfit_1308-174885.jpg,,
354892081,Adventurous Elf in Green Outfit,https://img.freepik.com/free-vector/adventurous-elf-green-outfit_1308-174587.jpg,https://img.freepik.com/free-vector/adventurous-elf-green-outfit_1308-174587.jpg,,
31820435,Hand drawn video game characters element collection,https://img.freepik.com/free-vector/hand-drawn-video-game-characters-element-collection_23-2149634822.jpg,https://img.freepik.com/free-vector/hand-drawn-video-game-characters-element-collection_23-2149634822.jpg,,
32479027,Group of medieval cartoon characters on white background,https://img.freepik.com/free-vector/group-medieval-cartoon-characters-white-background_1308-118678.jpg,https://img.freepik.com/free-vector/group-medieval-cartoon-characters-white-background_1308-118678.jpg,,
263582348,Children in carnival costumes set,https://img.freepik.com/free-vector/children-carnival-costumes-set_107791-29702.jpg,https://img.freepik.com/free-vector/children-carnival-costumes-set_107791-29702.jpg,,
13683639,Set of medieval cartoon characters in historical costumes. Flat illustration,https://img.freepik.com/free-vector/set-medieval-cartoon-characters-historical-costumes-flat-illustration_74855-16254.jpg,https://img.freepik.com/free-vector/set-medieval-cartoon-characters-historical-costumes-flat-illustration_74855-16254.jpg,,
27290648,Different characters in fairytale,https://img.freepik.com/free-vector/different-characters-fairytale_1308-109536.jpg,https://img.freepik.com/free-vector/different-characters-fairytale_1308-109536.jpg,,
30834877,Group of medieval cartoon characters on white background,https://img.freepik.com/free-vector/group-medieval-cartoon-characters-white-background_1308-116076.jpg,https://img.freepik.com/free-vector/group-medieval-cartoon-characters-white-background_1308-116076.jpg,,
365241199,Confident Elf Archer in Blue,https://img.freepik.com/free-vector/confident-elf-archer-blue_1308-175240.jpg,https://img.freepik.com/free-vector/confident-elf-archer-blue_1308-175240.jpg,,
30075591,Princess Prince Dragon Magician,https://img.freepik.com/free-vector/princess-prince-dragon-magician_1196-1026.jpg,https://img.freepik.com/free-vector/princess-prince-dragon-magician_1196-1026.jpg,,
9849197,Watercolor halloween kid collection,https://img.freepik.com/free-vector/watercolor-halloween-kid-collection_52683-45051.jpg,https://img.freepik.com/free-vector/watercolor-halloween-kid-collection_52683-45051.jpg,,
25240890,Hand drawn flat design greek mythology character collection,https://img.freepik.com/free-vector/hand-drawn-flat-design-greek-mythology-character-collection_52683-83935.jpg,https://img.freepik.com/free-vector/hand-drawn-flat-design-greek-mythology-character-collection_52683-83935.jpg,,
4923733,Female fighters,https://img.freepik.com/free-vector/female-fighters_1308-30432.jpg,https://img.freepik.com/free-vector/female-fighters_1308-30432.jpg,,
3591758,King and other fairytale characters,https://img.freepik.com/free-vector/king-other-fairytale-characters_1308-21468.jpg,https://img.freepik.com/free-vector/king-other-fairytale-characters_1308-21468.jpg,,
366235967,Confident Female Warrior Illustration,https://img.freepik.com/free-vector/confident-female-warrior-illustration_1308-175320.jpg,https://img.freepik.com/free-vector/confident-female-warrior-illustration_1308-175320.jpg,,
366235863,Viking Family Warriors Illustration,https://img.freepik.com/free-vector/viking-family-warriors-illustration_1308-175310.jpg,https://img.freepik.com/free-vector/viking-family-warriors-illustration_1308-175310.jpg,,
378777377,Confident Female Warrior Illustration,https://img.freepik.com/free-vector/confident-female-warrior-illustration_1308-176056.jpg,https://img.freepik.com/free-vector/confident-female-warrior-illustration_1308-176056.jpg,,
357313981,Fantasy Elf Archer Character,https://img.freepik.com/free-vector/fantasy-elf-archer-character_1308-174778.jpg,https://img.freepik.com/free-vector/fantasy-elf-archer-character_1308-174778.jpg,,
358686319,Confident Elf Archer in Green Outfit,https://img.freepik.com/free-vector/confident-elf-archer-green-outfit_1308-174899.jpg,https://img.freepik.com/free-vector/confident-elf-archer-green-outfit_1308-174899.jpg,,
370016170,Confident Female Warrior Illustration,https://img.freepik.com/free-vector/confident-female-warrior-illustration_1308-175613.jpg,https://img.freepik.com/free-vector/confident-female-warrior-illustration_1308-175613.jpg,,
30162956,Fantasy folk cartoon characters set,https://img.freepik.com/free-vector/fantasy-folk-cartoon-characters-set_1308-114590.jpg,https://img.freepik.com/free-vector/fantasy-folk-cartoon-characters-set_1308-114590.jpg,,
354169506,Adventurous Elf in Green Outfit,https://img.freepik.com/free-vector/adventurous-elf-green-outfit_1308-174354.jpg,https://img.freepik.com/free-vector/adventurous-elf-green-outfit_1308-174354.jpg,,
358685900,Confident Archer in Green Outfit,https://img.freepik.com/free-vector/confident-archer-green-outfit_1308-174855.jpg,https://img.freepik.com/free-vector/confident-archer-green-outfit_1308-174855.jpg,,
359359081,Fantasy Elf Archer Duo,https://img.freepik.com/free-vector/fantasy-elf-archer-duo_1308-174998.jpg,https://img.freepik.com/free-vector/fantasy-elf-archer-duo_1308-174998.jpg,,
40553651,Set of fantasy enchanted cartoon characters,https://img.freepik.com/free-vector/set-fantasy-enchanted-cartoon-characters_1308-132102.jpg,https://img.freepik.com/free-vector/set-fantasy-enchanted-cartoon-characters_1308-132102.jpg,,
390054854,Viking Family Adventure,https://img.freepik.com/free-vector/viking-family-adventure_1308-176307.jpg,https://img.freepik.com/free-vector/viking-family-adventure_1308-176307.jpg,,
378777519,Brave Young Warrior Girl,https://img.freepik.com/free-vector/brave-young-warrior-girl_1308-176069.jpg,https://img.freepik.com/free-vector/brave-young-warrior-girl_1308-176069.jpg,,
366235854,Brave Young Warrior Girl,https://img.freepik.com/free-vector/brave-young-warrior-girl_1308-175309.jpg,https://img.freepik.com/free-vector/brave-young-warrior-girl_1308-175309.jpg,,
946024,Hand drawn nice tale character collection,https://img.freepik.com/free-vector/hand-drawn-nice-tale-character-collection_23-2147571280.jpg,https://img.freepik.com/free-vector/hand-drawn-nice-tale-character-collection_23-2147571280.jpg,,
359358933,Brave Young Warrior Girl,https://img.freepik.com/free-vector/brave-young-warrior-girl_1308-174968.jpg,https://img.freepik.com/free-vector/brave-young-warrior-girl_1308-174968.jpg,,
381354696,Confident Female Viking Warrior,https://img.freepik.com/free-vector/confident-female-viking-warrior_1308-176118.jpg,https://img.freepik.com/free-vector/confident-female-viking-warrior_1308-176118.jpg,,
378777416,Confident Female Warrior Illustration,https://img.freepik.com/free-vector/confident-female-warrior-illustration_1308-176060.jpg,https://img.freepik.com/free-vector/confident-female-warrior-illustration_1308-176060.jpg,,
359359023,Confident Female Warrior Character,https://img.freepik.com/free-vector/confident-female-warrior-character_1308-174985.jpg,https://img.freepik.com/free-vector/confident-female-warrior-character_1308-174985.jpg,,
1110455,Different colors princess collection,https://img.freepik.com/free-vector/different-colors-princess-collection_1278-84.jpg,https://img.freepik.com/free-vector/different-colors-princess-collection_1278-84.jpg,,
359359105,Viking Warrior Girl Illustration,https://img.freepik.com/free-vector/viking-warrior-girl-illustration_1308-175004.jpg,https://img.freepik.com/free-vector/viking-warrior-girl-illustration_1308-175004.jpg,,
